{
  "buttons": [
    {
      "componentName": "Confetti Button",
      "category": "buttons",
      "slug": "confetti-button",
      "shortDescription": "This button makes confetti rain!",
      "longDescription": "Beautifully designed button that makes it rain confetti!",
      "hasImage": true,
      "imageUrl": "/img/products/confetti-button.png",
      "imageAlt": "Confetti Button | BoilerplateHQ",
      "hasComponentCode": true,
      "tags": [
        "Click-Effect"
      ],
      "techStack": [
        "React",
        "Tailwind",
        "shadcn/ui"
      ],
      "examples": [
        {
          "nameOfPage": "BoilerplateHQ",
          "urlToPage": "https://boilerplateHQ.com",
          "descriptionOfUsage": "BoilerplateHQ is using the confetti effect after someone made a purchase!",
          "imgageSrcOfUsage": ""
        }
      ],
      "faq": [
        {
          "question": "Can it make fireworks, too?",
          "answer": "No, it is a CONFETTI button..."
        }
      ],
      "metaDescription": "Beautifully designed button that makes it rain confetti!",
      "metaTitle": "Confetti Button",
      "license": "MIT",
      "productLine": "buttons"
    }
  ]
}